1641072580,7cfaa4a8-2783-4c1c-9e19-30275322e73b,tt827472,1519
1641022925,76d605f5-655e-4aa9-8c59-d17a3ac5ed4a,tt125018,10539
1641032665,48800334-2a9a-463e-8dfb-7f88b110ab35,tt969312,9532
1640997434,033b8dc3-6b9e-4483-989f-d0239cf4e90d,tt974327,3157
1641061866,784dfbbb-07bd-4f9b-91d9-4b773c65f83c,tt455118,2007
1641019115,b55a6c68-473a-4c96-9aa3-9eed7c13d211,tt939121,3733
1641055922,54731121-466a-425c-9171-c2990579d4e2,tt398346,2772
1641055014,dbc44214-4873-42b1-9a78-f5b8f397ec5f,tt498204,5595
1641026548,9ff1649f-743b-46f2-b894-5f93cfc341a9,tt653529,8373
1641069094,b6e39590-3e4e-4ff9-b106-11142e05187e,tt771156,568
1641043342,1783cf0c-99a1-42dd-9e3d-4a94169d1bd2,tt797121,8664
1641013779,2de3b84e-6318-4655-ab03-e4c54ee52eec,tt509181,9560
1641068447,d3d88f31-0f3d-43d5-b156-dc0479effc3d,tt191326,4740
1641048873,57e15164-8440-4843-a0d7-565304af3d81,tt439038,7966
1641054621,e5984f63-2674-4bc1-a3fa-655a6abf62dd,tt551998,614
1641017710,8c4c2996-1b8f-41ed-8e78-a5633b6edab8,tt840063,7785
1640999021,7b3ce171-e97f-4514-8e5c-772f1c374c7e,tt702276,6325
1641015938,b301648d-2fd9-48d3-9f0c-ac3ea131fe0b,tt160037,4123
1641049758,2b89e2f8-fafd-4250-aaf1-378a52b51f6f,tt788422,1079
1641029931,0faec63e-29a7-4e5f-a6ab-c93d0caf7d0f,tt649196,3982
1640996017,b14868a6-498b-42a5-a459-ed039c8a0c90,tt926145,718
1641015144,706e1db7-26d5-4cb4-8d28-58147de3b2ad,tt269638,1753
1641074874,ec7a2764-b534-4a22-96c0-7f5511a28243,tt804687,4739
1641037263,8b628b9c-5835-403d-9708-2b29733b5795,tt344891,1885
1641021487,14e2f944-60aa-4099-bc6f-bc5a09c348bb,tt191909,9733
1641066945,9fc64937-11d8-4baa-92ac-3dc1947388c4,tt807408,2893
1641080168,88f6d495-e2b9-4824-804c-75e46a1a8287,tt552077,1254
1641057452,3207c89f-b96f-4434-93c0-c5b5d2562ce5,tt761177,5589
1641073851,54adcf93-8e7a-4813-a760-4cbe9c431375,tt342931,165
1641051503,aa33beb9-f5ab-42ce-bc56-d213e8eb53c0,tt969747,8901
1641022461,b6a76bc3-67a9-4169-80c9-33c530e71410,tt634158,4199
1641064805,35d3e5df-d3ad-46d4-8d2f-f2f299ba782b,tt595026,1084
1641021550,d5cdeca6-1417-4e28-b353-e818e6033598,tt902928,4890
1641075746,aabe231f-608c-4837-b6ec-32b1c670e3c9,tt696447,323
1641056292,32b097c1-cc16-4229-a4d3-09cf668c62cb,tt945085,6762
1641020067,746d968b-ac89-46ac-8624-1ae1808d3961,tt732377,3796
1641037783,6bd89976-ee03-47f5-a2a0-728f3bdba43e,tt514811,6523
1641044236,c192b7fe-d286-47d9-88b5-ad44d7777350,tt116592,1259
1641018504,8ed0204f-0d5b-43e2-bcc0-63953c9fb414,tt796509,4487
1641073056,356b7135-8ddf-4565-80fc-bd633dfd2b80,tt847580,5037
1641070908,eb254e7b-d639-42fc-b8c9-47ac319048f3,tt915771,9122
1641051783,e0b9b2c8-d994-4e27-9251-61b409601614,tt489357,8840
1641059245,2a6f68ae-1200-4823-8736-40b5e1fa63e5,tt519083,10079
1641061416,c60e0ebd-39dd-4271-a57d-23410a7080b0,tt176055,10623
1641065028,c8393640-70cf-4237-a2ba-d5a34a5d39b2,tt876420,10107
1641079565,0bba4497-d423-444f-97f4-9c0ba0a54e56,tt301953,3320
1640995475,6900d8f1-b90b-4db8-8705-d740e4b83376,tt880975,3312
1641029298,7873543e-51f0-4033-8043-535ec8fbe7d9,tt208404,57
1641045056,4cfbb3de-50cb-4f49-bcf8-6fe8923f1353,tt692540,10094
1641064979,41dc52de-16f9-49e4-aedc-5760b53f05a2,tt444126,1315
1641074617,86b1fdcd-109f-45ea-80aa-8acb7fc31cef,tt525703,6440
1641003326,0c248fcf-3643-4045-b989-91c0c5753d02,tt817994,2600
1641080416,69a377e7-2e27-48fc-a51b-b5af4ae8466a,tt920679,10702
1641032115,a43588d9-d134-4467-bf94-26698c7e0e83,tt390060,4648
1641039840,a0f89a06-3c62-4531-81d4-4ec4cf6edc78,tt347443,6307
1641019261,c91698d1-6521-42fa-8c96-593f4c533c0d,tt389757,110
1641000207,e7773e05-4f56-4945-9147-31124c11633f,tt353929,3367
1641041942,0c1eeadf-5d06-4317-93c0-6d148f927533,tt112004,4751
1641035740,e4fb942b-da21-4187-ad86-62899a029460,tt952961,1705
1641003330,0330eb5f-5565-42e9-8354-11f1482532fa,tt197711,5208
1641039553,0684b6a3-5c7d-4dd8-b44d-53ec4e46195d,tt506202,9527
1641039741,dfed3b06-6bb4-48b6-8005-447b82672251,tt443675,9045
1641006625,ec8cd761-906c-4119-bc68-e09c925ab8bb,tt831629,9793
1641006401,4080d49e-a377-483b-b2ff-59a29eeae0b3,tt474245,2626
1641064925,849e42ae-2e56-4bb5-9498-69276c923352,tt640617,1310
1641066833,4d24b7c0-858f-4565-b33a-f01ff3928126,tt132276,3350
1641015145,d8b4f2a7-2e7a-4a06-8038-7e4d520827c6,tt666879,2126
1641047179,9aeac57f-e185-4be3-a0f9-8dfc568ee248,tt266771,2016
1641027095,274b7357-d9cc-43f9-8ccc-e1c6c11885e1,tt120478,6858
1641026425,cd8b945c-b226-4a49-8b37-e9d71579d7de,tt268437,8681
1641019926,c58880d9-639e-403e-b97d-0d3e6dbedcf0,tt732858,4107
1641073885,e3adc266-b107-49c9-9717-20dccbf935de,tt927509,5963
1641078835,041759e4-f5de-4519-9df0-ff3bbd659561,tt492244,6411
1641055921,4daa8dc5-fea6-4ddc-b4e6-53abd71054b1,tt460813,8016
1641076537,4c0ae9e4-d9d5-4d2c-913e-203f9e7ebfdd,tt383593,9390
1641047241,512962b8-d652-4aa6-a82e-cd45800212bb,tt866760,877
1641008095,fe1706a7-b643-4f4d-9524-41dd938530ef,tt823848,5001
1640999680,0f4ffb8d-5db7-44c8-81bd-ee36a37165d4,tt347600,4175
1641005104,d5ee8551-a81f-4eba-99fc-6fa87ad67182,tt313273,10079
1641007685,6cc9c713-202a-4c14-a1ae-77cd30593ce4,tt395399,5596
1641073685,d497427d-918d-410d-89c1-ad8d64a4bbc3,tt661206,5274
1641047050,a2cba9ad-3549-44b5-8349-271ce60a1844,tt305948,6348
1641001624,cc21b4dc-12b5-4718-a1b3-0b7c4ed429b9,tt873683,8060
1640996087,2dce8714-d85b-494e-ace1-6e1fe9ef350a,tt731995,4699
1641065697,b543c9d7-d45a-4521-abcf-dc1c6b0cd4f2,tt580742,6547
1641061677,14e88c56-b79d-4565-942b-291b8cad4837,tt183469,599
1641065861,df5812a3-7637-4b6c-9a14-f18b4c477b0b,tt519697,2402
1641030939,075e3ca0-f0d0-478e-8626-af3c3c0f2f36,tt499129,3729
1641044973,cd70aa55-5b9b-4fc4-af65-73ac0d4af5f6,tt597886,6627
1641044013,6e0bd9f6-375c-49f0-ace3-2b6551b0ee78,tt596678,1721
1640998757,5c0c8d81-b494-4538-ab33-8227d30f4135,tt508478,2996
1641025911,58e4f626-184e-4ce6-81a5-aaf8dadd044b,tt505608,7057
1640996247,c11ac786-807d-4030-a9da-1ed5dccc477e,tt867838,6296
1641038661,c7cb8548-eea7-483e-9442-650fabb3ddc9,tt869009,4867
1641061233,c662cbd4-bd96-40bf-8579-635f69c582f9,tt898717,4050
1641031184,8990ad0a-ce1a-4390-a59c-2521754e52f4,tt599212,7695
1641034799,d86fb080-091c-44bc-ada2-5909065987ac,tt985869,8655
1641045688,174df32f-e7f8-4432-bb77-8fdf6626c156,tt194200,5179
1641013559,af8f0b44-be20-464f-b918-6bca4c7f2238,tt900560,3338
1641023003,34d36b0f-a44f-4635-83d7-e9f2604498f4,tt259170,6813
